[
  {
    "date": "2025-08-29",
    "date_yyyymmdd": 20250829,
    "version": 1,
    "metrics": {
      "carbs_total_g": { "value": 0, "unit": "g" },
      "distance_total_m": { "value": 0, "unit": "m" },
      "energy_expended_active_kcal": { "value": 0, "unit": "kcal" },
      "energy_expended_basal_kcal": { "value": 1500, "unit": "kcal" },
      "energy_expended_total_kcal": { "value": 1500, "unit": "kcal" },
      "energy_intake_total_kcal": { "value": 0, "unit": "kcal" },
      "fat_total_g": { "value": 0, "unit": "g" },
      "fiber_total_g": { "value": 0, "unit": "g" },
      "meal_count": { "value": 1, "unit": "count" },
      "photo_pending_count": { "value": 1, "unit": null },
      "protein_total_g": { "value": 0, "unit": "g" },
      "sat_fat_total_g": { "value": 0, "unit": null },
      "steps_total": { "value": 0, "unit": "steps" },
      "stress_index": { "value": 50, "unit": "index" },
      "sugar_total_g": { "value": 0, "unit": "g" },
      "unsat_fat_total_g": { "value": 0, "unit": null },
      "recorded_at": { "value": null, "unit": null },
      "activity_score": { "value": null, "unit": null },
      "calories_spent": { "value": null, "unit": null },
      "hrv": { "value": null, "unit": "ms" },
      "rhr": { "value": null, "unit": "bpm" },
      "heart_rate_latest": { "value": null, "unit": null },
      "hrr": { "value": null, "unit": null },
      "heart_rate_max": { "value": null, "unit": null },
      "heart_rate_min": { "value": null, "unit": null },
      "sleep_total_minutes": { "value": 0, "unit": "minutes" },
      "sleep_deep_minutes": { "value": 0, "unit": "minutes" },
      "sleep_light_minutes": { "value": 0, "unit": "minutes" },
      "sleep_rem_minutes": { "value": 0, "unit": "minutes" },
      "sleep_score": { "value": 0, "unit": "index" },
      "systolic_bp": { "value": null, "unit": "mmHg" },
      "diastolic_bp": { "value": null, "unit": "mmHg" },
      "spo2": { "value": null, "unit": "%" },
      "ehba1c_value": { "value": null, "unit": "%" },
      "glucose_value": { "value": null, "unit": "mg/dL" },
      "fbs_value": { "value": null, "unit": "mg/dL" },
      "glucose_high": { "value": null, "unit": "mg/dL" },
      "glucose_low": { "value": null, "unit": "mg/dL" },
      "insulin_sensitivity": { "value": null, "unit": null },
      "insulin_production": { "value": null, "unit": null },
      "gss_day": { "value": null, "unit": null },
      "gss_night": { "value": null, "unit": null },
      "pai_score": { "value": null, "unit": null },
      "days_to_reversal": { "value": null, "unit": null },
      "cgm_days_left": { "value": null, "unit": null }
    },
    "meals": [
      {
        "user_id": "22",
        "meal_id": "test-meal-abc-78",
        "ts": "2025-08-29T04:30:00+00:00",
        "meal_updated_at": "2025-08-29T04:40:40.039096+00:00",
        "calories": null,
        "carbs_g": 600,
        "fiber_g": null,
        "sugar_g": null,
        "protein_g": 900,
        "fat_g": 2,
        "sat_fat_g": null,
        "unsat_fat_g": null,
        "recommendations": null,
        "calorie_range": null,
        "service": null,
        "date_yyyymmdd": 20250829
      }
    ]
  }
]
